<?xml version="1.0" encoding="UTF-8" standalone="yes"?>
<addon id="repository.WorldOmega" name="World Omega Repository" version="1.1.4" provider-name="World">
	<extension point="xbmc.addon.repository" name="World Omega Repository">
			<dir>
				<info compressed="false">https://raw.githubusercontent.com/akeotaseo/world_repo/main/addons.xml</info>
				<checksum>https://raw.githubusercontent.com/akeotaseo/world_repo/main/addons.xml.md5</checksum>
				<datadir zip="true">https://raw.githubusercontent.com/akeotaseo/world_repo/main/</datadir>
			</dir>
			<dir>
				<info compressed="false">https://raw.githubusercontent.com/akeotaseo/World-Olympic-Repository/main/addons.xml</info>
				<checksum>https://raw.githubusercontent.com/akeotaseo/World-Olympic-Repository/main/addons.xml.md5</checksum>
				<datadir zip="true">https://raw.githubusercontent.com/akeotaseo/World-Olympic-Repository/main/</datadir>
			</dir>
			<dir>
				<info compressed="false">https://raw.githubusercontent.com/akeotaseo/World-Repo-Repository/main/addons.xml</info>
				<checksum>https://raw.githubusercontent.com/akeotaseo/World-Repo-Repository/main/addons.xml.md5</checksum>
				<datadir zip="true">https://raw.githubusercontent.com/akeotaseo/World-Repo-Repository/main/</datadir>
			</dir>
			<dir>
				<info compressed="false">https://raw.githubusercontent.com/akeotaseo/WorldNexus/main/addons.xml</info>
				<checksum>https://raw.githubusercontent.com/akeotaseo/WorldNexus/main/addons.xml.md5</checksum>
				<datadir zip="true">https://raw.githubusercontent.com/akeotaseo/WorldNexus/main/</datadir>
			</dir>
			<dir>
				<info compressed="false">https://raw.githubusercontent.com/akeotaseo/World-Omega-Repository/main/addons.xml</info>
				<checksum>https://raw.githubusercontent.com/akeotaseo/World-Omega-Repository/main/addons.xml.md5</checksum>
				<datadir zip="true">https://raw.githubusercontent.com/akeotaseo/World-Omega-Repository/main/</datadir>
			</dir>
			<dir>
				<info compressed="false">https://raw.githubusercontent.com/akeotaseo/World-Test_repo/main/addons.xml</info>
				<checksum>https://raw.githubusercontent.com/akeotaseo/World-Test_repo/main/addons.xml.md5</checksum>
				<datadir zip="true">https://raw.githubusercontent.com/akeotaseo/World-Test_repo/main/</datadir>
			</dir>
			<dir>
				<info compressed="false">https://raw.githubusercontent.com/Gujal00/smrzips/master/addons.xml</info>
				<checksum>https://raw.githubusercontent.com/Gujal00/smrzips/master/addons.xml.md5</checksum>
				<datadir zip="true">https://raw.githubusercontent.com/Gujal00/smrzips/master/zips/</datadir>
			</dir>
	</extension>
	<extension point="xbmc.addon.metadata">
		<summary>World Omega Repository</summary>
		<description>World Omega Repository</description>
		<platform>all</platform>
		<assets>
			<icon>icon.png</icon>
			<fanart>fanart.jpg</fanart>
		</assets>
	</extension>
</addon>
